{
  "train_loss": [
    0.6501992421016283,
    0.11550663688201887,
    0.06304750464472847
  ],
  "val_loss": [
    0.18509726058429396,
    0.18839889329294085,
    0.10558826069701725
  ],
  "val_accuracy": [
    0.9507042253521126,
    0.954225352112676,
    0.9753521126760564
  ],
  "val_macro_f1": [
    0.951706209472167,
    0.9546427684383623,
    0.9765376986384495
  ]
}