{
  "train_loss": [
    2.057280994964959,
    1.0426478191654382,
    0.6357170009909472,
    0.4186031239017924,
    0.3076280380862221,
    0.2303356383770016,
    0.16642847587064993,
    0.13399070006386637,
    0.11836014819690431,
    0.11329123445291926
  ],
  "val_loss": [
    0.9904170355326692,
    0.63831519912666,
    0.5402038962068693,
    0.4131850558267513,
    0.36795103298106663,
    0.3686323564657023,
    0.3235814092864453,
    0.31596828178620673,
    0.3270378918714926,
    0.2607528101390516
  ],
  "val_accuracy": [
    0.721830985915493,
    0.8204225352112676,
    0.8028169014084507,
    0.8908450704225352,
    0.8943661971830986,
    0.8873239436619719,
    0.8943661971830986,
    0.9119718309859155,
    0.9084507042253521,
    0.9225352112676056
  ],
  "val_macro_f1": [
    0.7011170435620114,
    0.8052081014510895,
    0.7891223407918245,
    0.8880288524847018,
    0.8949827996414831,
    0.8852282360500869,
    0.8843463212244241,
    0.9059291801138825,
    0.9029525253427693,
    0.9162876956737047
  ]
}