{
  "train_loss": [
    1.3263641800698336,
    0.37578530727387743,
    0.15675414280161976,
    0.07518163136145362,
    0.04607936331578803,
    0.02671018210413401
  ],
  "val_loss": [
    0.5631405081547481,
    0.2579735303428811,
    0.1889558197327063,
    0.15641396272350366,
    0.1318947435684607,
    0.14416906468465296
  ],
  "val_accuracy": [
    0.8908450704225352,
    0.9295774647887324,
    0.9683098591549296,
    0.9577464788732394,
    0.971830985915493,
    0.9612676056338029
  ],
  "val_macro_f1": [
    0.8877556999955827,
    0.9285215000588136,
    0.9733494061807952,
    0.9603555514696966,
    0.9733343629709788,
    0.962478938607178
  ]
}